ナンバー,カード名,パック名,商品URL
M5 082/081,カリキリ,アビスアイ,https://pokebuchi.base.shop/items/146721807
M5 083/081,グレンアルマ,アビスアイ,https://pokebuchi.base.shop/items/146721831
M5 084/081,トサキント,アビスアイ,https://pokebuchi.base.shop/items/145657065
M5 085/081,アシレーヌ,アビスアイ,https://pokebuchi.base.shop/items/146238419
M5 087/081,ヤドラン,アビスアイ,https://pokebuchi.base.shop/items/145474819
M5 090/081,ザルード,アビスアイ,https://pokebuchi.base.shop/items/146721905
M5 114/081,メガダークライex,アビスアイ,https://pokebuchi.base.shop/items/147951571
M5 115/081,モルペコex,アビスアイ,https://pokebuchi.base.shop/items/145475030
M4 084/083,ハリマロン,ニンジャスピナー,https://pokebuchi.base.shop/items/144897999
M4 085/083,フォッコ,ニンジャスピナー,https://pokebuchi.base.shop/items/144897940
M2a,MEGAドリームex ARコンプリート,連結フレーム,https://pokebuchi.base.shop/items/145319291
,カイオーガ / グラードン,連結フレーム,https://pokebuchi.base.shop/items/152868253
M4 086/083,ケロマツ,ニンジャスピナー,https://pokebuchi.base.shop/items/144897790
M4 087/083,ゲコガシラ,ニンジャスピナー,https://pokebuchi.base.shop/items/144897736
M4 088/083,デンリュウ,ニンジャスピナー,https://pokebuchi.base.shop/items/144897659
M4 089/083,ゼルネアス,ニンジャスピナー,https://pokebuchi.base.shop/items/144897582
M4 090/083,ネンドール,ニンジャスピナー,https://pokebuchi.base.shop/items/144897519
M4 091/083,クロバット,ニンジャスピナー,https://pokebuchi.base.shop/items/144897451
M4 092/083,メタング,ニンジャスピナー,https://pokebuchi.base.shop/items/144897351
M4 093/083,ヌメイル,ニンジャスピナー,https://pokebuchi.base.shop/items/144897291
M4 094/083,ケンタロス,ニンジャスピナー,https://pokebuchi.base.shop/items/144897231
M4 095/083,ミルホッグ,ニンジャスピナー,https://pokebuchi.base.shop/items/144897114
M3 081/080,コフーライ,ムニキスゼロ,https://pokebuchi.base.shop/items/144980145
M3 082/080,モクロー,ムニキスゼロ,https://pokebuchi.base.shop/items/144980361
M3 083/080,ファイアロー,ムニキスゼロ,https://pokebuchi.base.shop/items/144980505
M3 084/080,アマルルガ,ムニキスゼロ,https://pokebuchi.base.shop/items/144980619
M3 085/080,デデンネ,ムニキスゼロ,https://pokebuchi.base.shop/items/144980703
M4 086/083 ／ M4 087/083 ／ M4 114/083,ケロマツ / ゲコガシラ / メガゲッコウガex,連結フレーム / ニンジャスピナー,https://pokebuchi.base.shop/items/144898625
M3 086/080,ピッピ,ムニキスゼロ,https://pokebuchi.base.shop/items/144980781
M3 087/080,ニャスパー,ムニキスゼロ,https://pokebuchi.base.shop/items/144980861
M3 088/080,ダイノーズ,ムニキスゼロ,https://pokebuchi.base.shop/items/144980980
M3 089/080,チゴラス,ムニキスゼロ,https://pokebuchi.base.shop/items/144981033
M3 090/080,ドラピオン,ムニキスゼロ,https://pokebuchi.base.shop/items/144981128
M3 091/080,ニダンギル,ムニキスゼロ,https://pokebuchi.base.shop/items/144981203
M3 092/080,ラッタ,ムニキスゼロ,https://pokebuchi.base.shop/items/144981269
MC 744/742,エンニュート,スタートデッキ100バトルコレクション,https://pokebuchi.base.shop/items/145938225
MC 754/742,クチート,スタートデッキ100バトルコレクション,https://pokebuchi.base.shop/items/150722088
M2a 194/193,アゲハント,MEGAドリームex,https://pokebuchi.base.shop/items/144892952
M2a 195/193,ドクケイル,MEGAドリームex,https://pokebuchi.base.shop/items/144893153
M2a 196/193,スボミー,MEGAドリームex,https://pokebuchi.base.shop/items/144893385
M2a 197/193,ヒビキのマグカルゴ,MEGAドリームex,https://pokebuchi.base.shop/items/144893671
M2a 198/193,ドンメル,MEGAドリームex,https://pokebuchi.base.shop/items/144893863
M2a 199/193,コダック,MEGAドリームex,https://pokebuchi.base.shop/items/144894093
M2a 200/193,ユキワラシ,MEGAドリームex,https://pokebuchi.base.shop/items/144894135
M2a 201/193,エレザード,MEGAドリームex,https://pokebuchi.base.shop/items/144894194
M2a 202/193,ムウマ,MEGAドリームex,https://pokebuchi.base.shop/items/144894287
M2a 203/193,トゲキッス,MEGAドリームex,https://pokebuchi.base.shop/items/144894316
M2a 204/193,ホップのオーロット,MEGAドリームex,https://pokebuchi.base.shop/items/144894354
M2a 205/193,ロケット団のミミッキュ,MEGAドリームex,https://pokebuchi.base.shop/items/144894460
M2a 206/193,ロケット団のダグトリオ,MEGAドリームex,https://pokebuchi.base.shop/items/144894495
M2a 207/193,チャーレム,MEGAドリームex,https://pokebuchi.base.shop/items/144894524
M2a 208/193,シロナのミカルゲ,MEGAドリームex,https://pokebuchi.base.shop/items/144894558
M2a 209/193,ガラルタチフサグマ,MEGAドリームex,https://pokebuchi.base.shop/items/144894591
M2a 210/193,Nのゼクロム,MEGAドリームex,https://pokebuchi.base.shop/items/143170951
M2a 211/193,ドラメシヤ,MEGAドリームex,https://pokebuchi.base.shop/items/144894661
M2a 212/193,ドロンチ,MEGAドリームex,https://pokebuchi.base.shop/items/144894688
M2a 213/193,スピンロトム,MEGAドリームex,https://pokebuchi.base.shop/items/144894739
M2a 234/193,ピカチュウex,MEGAドリームex,https://pokebuchi.base.shop/items/149103846
M2a 240/193,メガゲンガーex,MEGAドリームex,https://pokebuchi.base.shop/items/147464859
M2a 242/193,Nのゾロアークex,MEGAドリームex,https://pokebuchi.base.shop/items/144905627
M2a 246/193,メガカイリューex,MEGAドリームex,https://pokebuchi.base.shop/items/147708303
M3 086/080 ／ M3 112/080,ピッピ / メガピクシーex,連結フレーム / ムニキスゼロ,https://pokebuchi.base.shop/items/148216801
M2 085/080,ポッチャマ,インフェルノX,https://pokebuchi.base.shop/items/144864920
M2 110/080,メガリザードンXex,インフェルノX,https://pokebuchi.base.shop/items/147352939
M1L 064/063 ／ M1L 065/063 ／ M1L 087/063,フシギダネ / フシギソウ / メガフシギバナex,連結フレーム / メガブレイブ,https://pokebuchi.base.shop/items/144898363
M1L 088/063,メガルカリオex,メガブレイブ,https://pokebuchi.base.shop/items/147831923
SV11B 168/086,キュレムex,ブラックボルト,https://pokebuchi.base.shop/items/148890184
SV9a 087/063 ／ M2a 243/193,シロナのガブリアスex / マリィのオーロンゲex,連結フレーム / 熱風のアリーナ / MEGAドリームex,https://pokebuchi.base.shop/items/144898816
SV9 109/100 ／ M2a 210/193,Nのレシラム / Nのゼクロム,連結フレーム / バトルパートナーズ / MEGAドリームex,https://pokebuchi.base.shop/items/144898259
SV8a 209/187,サンダースex,テラスタルフェスex,https://pokebuchi.base.shop/items/144834838
SV8a 217/187,ブラッキーex,テラスタルフェスex,https://pokebuchi.base.shop/items/144834928
SV8 109/106,ソウブレイズ,超電ブレイカー,https://pokebuchi.base.shop/items/150831945
SV8 111/106,タマザラシ,超電ブレイカー,https://pokebuchi.base.shop/items/152522232
SV8 112/106,レアコイル,超電ブレイカー,https://pokebuchi.base.shop/items/144899577
SV5a 075/066 ／ SV5a 092/066,ヒスイガーディ / サザレ,連結フレーム / クリムゾンヘイズ,https://pokebuchi.base.shop/items/144846887
SV4a 340/190,パモ,シャイニートレジャーex,https://pokebuchi.base.shop/items/152398729
SV4a 347/190,ミュウex,シャイニートレジャーex,https://pokebuchi.base.shop/items/145553456
SV4a 349/190,リザードンex,シャイニートレジャーex,https://pokebuchi.base.shop/items/145937856
SV4K 076/066,モルペコ,古代の咆哮,https://pokebuchi.base.shop/items/144899491
SV3a 069/062,グラードン,レイジングサーフ,https://pokebuchi.base.shop/items/144899398
SV3 113/108,ピィ,黒炎の支配者,https://pokebuchi.base.shop/items/151475675
SV3 134/108,リザードンex,黒炎の支配者,https://pokebuchi.base.shop/items/151643060
SV2a 173/165,ピカチュウ,ポケモンカード151,https://pokebuchi.base.shop/items/144899313
SV2a 175/165,コダック,ポケモンカード151,https://pokebuchi.base.shop/items/144899181
SV2a 181/165,カビゴン,ポケモンカード151,https://pokebuchi.base.shop/items/145701977
SV2a 205/165,ミュウex,ポケモンカード151,https://pokebuchi.base.shop/items/145553376
SV2P 074/071,コオリッポ,スノーハザード,https://pokebuchi.base.shop/items/145702135
SV2D 081/071,イッカネズミ,クレイバースト,https://pokebuchi.base.shop/items/148330936
SV1a 080/073,コイキング,トリプレットビート,https://pokebuchi.base.shop/items/144899243
SV1a 085/073,パルデアウパー,トリプレットビート,https://pokebuchi.base.shop/items/148331104
SV1S 085/078,パピモッチ,スカーレットex,https://pokebuchi.base.shop/items/145702017
SV1V 082/078,ヤドン,バイオレットex,https://pokebuchi.base.shop/items/144899061
SV1V 085/078,パーモット,バイオレットex,https://pokebuchi.base.shop/items/150831765
S12a 186/172,ディアンシー,VSTARユニバース,https://pokebuchi.base.shop/items/152185928
S12a 191/172,アブソル,VSTARユニバース,https://pokebuchi.base.shop/items/152398672
S12a 211/172,リザードンV,VSTARユニバース,https://pokebuchi.base.shop/items/152306084
S9 103/100,リザードン,スターバース,https://pokebuchi.base.shop/items/152304900
s8b 195/184,ゼクロム,VMAXクライマックス,https://pokebuchi.base.shop/items/151778932
SM12a 175/173,デデンネ,TAG TEAM GX タッグオールスターズ,https://pokebuchi.base.shop/items/146137732
SM11b 003/049,ラフレシア,ドリームリーグ,https://pokebuchi.base.shop/items/149222933
SM11b 062/049,ラフレシア,ドリームリーグ,https://pokebuchi.base.shop/items/147239048
